{"cameraMode":{"drawMode":0,"name":"Shaded","section":"Shading Mode"},"sceneLighting":true,"audioPlay":false,"sceneViewState":{"m_AlwaysRefresh":false,"showFog":true,"showSkybox":true,"showFlares":true,"showImageEffects":true,"showParticleSystems":true,"showVisualEffectGraphs":true,"m_FxEnabled":true},"in2DMode":false,"pivot":{"x":357.58673095703127,"y":220.58856201171876,"z":-2.318511962890625},"rotation":{"x":0.03268249332904816,"y":-0.011396666057407856,"z":-0.00037270085886120796,"w":-0.9994010329246521},"size":239.25436401367188,"orthographic":false}